{
  "assetsByChunkName": {
    "vendors~app-account~app-confirmation~app-order": "chunk.a687ccbccfc2de701778.js",
    "vendors~app-account~app-checkout": "chunk.d983f95c716f0ea7b02f.js",
    "vendors~app-cart~app-checkout": "chunk.1098080122f4c3bebc85.js",
    "admin": [
      "admin.33cd80cf6b32ed0651b1.js",
      "admin.33cd80cf6b32ed0651b1.js.map"
    ],
    "app-account": "chunk.7a8d84ff187940a2757e.js",
    "app-checkout": "chunk.b903bf9abab508d14aba.js",
    "app-confirmation": "chunk.3d93e79383b03f120ae7.js",
    "checkout": [
      "checkout.41082e2dcd7395857686.js",
      "checkout.41082e2dcd7395857686.js.map"
    ],
    "storefront": [
      "storefront.eeb91f1a2b41a9ec8638.css",
      "storefront.7b133e869167f066f903.js",
      "storefront.eeb91f1a2b41a9ec8638.css.map",
      "storefront.7b133e869167f066f903.js.map"
    ],
    "vendors~app-cart": "chunk.08aa6511cb128154e179.js",
    "vendors~app-order": "chunk.92fb385c6455260a785a.js"
  }
}