{
  "categories_list": {
    "featured": [],
    "random": 10,
    "full_width": true
  },
  "menu_all_departments": true,
  "centralized_logo": false,
  "marketing_stripe": {
    "text": "Receba seu produto no mesmo dia em São Paulo* (consulte regiões) ",
    "link": "/pages/entregas-no-mesmo-dia",
    "background": "#c40000",
    "color": "#ffffff"
  },
  "alphabetical_order_submenu": true,
  "name_all_departments": "",
  "search_input": true,
  "desktop_megamenu": true,
  "full_width_submenu": true,
  "contacts_stripe": {
    "pages": [],
    "phone_wpp": false,
    "socials": false
  }
}