{
  "meta_title": "Ladh Home para você e seu Lar",
  "meta_description": "Descubra a Ladh Home e transforme seu lar em um refúgio perfeito para você. Encontre os melhores produtos e soluções para deixar sua casa ainda mais aconchegante e acolhedora. Explore nossa ampla seleção de itens de decoração, móveis, utensílios e muito mais. Faça da sua casa um lugar especial com a Ladh Home.",
  "sections": [
    {
      "type": "banner-slider",
      "autoplay": 9000,
      "full_width": true,
      "slides": [
        {
          "start": "",
          "end": "",
          "img": "/img/uploads/ventilador-banner-ladh-home-preto.jpg",
          "mobile_img": "/img/uploads/ventilador-banner-ladh-home-preto-mobile.jpg",
          "link": "/ventilador-de-coluna-turbo-6-ps-40cm-de-dimetro-110v/220"
        },
        {
          "start": "",
          "end": "",
          "img": "/img/uploads/banner-tacas-ladh-home.jpg",
          "mobile_img": "/img/uploads/banner-copos-e-tacas-ladh-home-mobile.jpg",
          "link": "/tacas"
        },
        {
          "start": "",
          "end": "",
          "img": "/img/uploads/banner-vinho-ladh-home.jpg",
          "mobile_img": "/img/uploads/banner-vinho-ladh-home-mobile.jpg",
          "link": "/kit-vinho"
        },
        {
          "start": "",
          "end": "",
          "img": "/img/uploads/banner-ofertas-ladh-home2.jpg",
          "mobile_img": "/img/uploads/banner-ofertas-ladh-home2-mobile.jpg",
          "link": "/ofertas"
        },
        {
          "start": "",
          "end": "",
          "img": "/img/uploads/banner-jarras-ladh-home.jpg",
          "mobile_img": "/img/uploads/banner-jarras-ladh-home-mobile.jpg",
          "link": "/jarras"
        },
        {
          "start": "",
          "end": "",
          "img": "/img/uploads/banner-cadeados-ladh-home.jpg",
          "mobile_img": "/img/uploads/banner-cadeados-ladh-home-mobile.jpg",
          "link": "/cadeados"
        }
      ]
    },
    {
      "type": "info-bar",
      "enabled": true
    },
    {
      "type": "banners-grid",
      "banners": [
        {
          "img": "/img/uploads/banner-home-categorias.jpg",
          "link": "/cozinha"
        },
        {
          "img": "/img/uploads/banner-home-jardim.jpg",
          "link": "/jardinagem"
        }
      ]
    },
    {
      "type": "collection-shelf",
      "shuffle": false,
      "limit": 12,
      "page": 1,
      "sort": "news",
      "title": "Novidades"
    },
    {
      "type": "banners-grid",
      "banners": [
        {
          "img": "/img/uploads/aumente-o-som-banner-site.png",
          "mobile_img": "/img/uploads/aumente-o-som-banner-site-mobile.png",
          "link": "/audio-portatil-e-acessorios"
        },
        {
          "img": "/img/uploads/transforme-seu-banho-banner-site.png",
          "mobile_img": "/img/uploads/transforme-seu-banho-banner-site-mobile.png",
          "link": "/resistencia-chuveiro"
        }
      ]
    },
    {
      "type": "collection-shelf",
      "shuffle": true,
      "limit": 12,
      "page": 1,
      "sort": "offers",
      "title": "Ofertas"
    },
    {
      "type": "banners-grid",
      "banners": [
        {
          "img": "/img/uploads/bandejas.png",
          "link": "/travessas-e-assadeiras"
        },
        {
          "img": "/img/uploads/porta-mantimentos.png",
          "link": "/potes-para-alimentos"
        },
        {
          "img": "/img/uploads/talheres.png",
          "link": "/talheres"
        }
      ]
    },
    {
      "type": "collection-shelf",
      "shuffle": true,
      "limit": 12,
      "page": 1,
      "sort": "sales",
      "title": "Mais Vendidos"
    },
    {
      "type": "collection-shelf",
      "shuffle": false,
      "limit": 12,
      "page": 1,
      "sort": "views",
      "title": "Mais Vendidos em Cozinha",
      "collection_id": "649dea265e606903704de139:categories:Cozinha:/cozinha"
    },
    {
      "type": "responsive-banner",
      "img": "/img/uploads/banner-desconto-topo-novo.gif"
    },
    {
      "type": "collection-shelf",
      "shuffle": false,
      "limit": 12,
      "page": 1,
      "collection_id": "649de87d5e606903704dde74:categories:Casa e Construção:/casa-e-construcao",
      "title": "Mais Vendidos em Casa e Contrução"
    }
  ]
}