{
  "sections": [
    {
      "type": "banner-slider",
      "autoplay": 10000,
      "full_width": true,
      "slides": [
        {
          "start": "",
          "end": "",
          "img": "/img/uploads/banner-desconto-topo-novo.gif",
          "link": "/pages/entregas-no-mesmo-dia",
          "alt": "Chegará hoje Ladh Home",
          "mobile_img": "/img/uploads/receba-hoje-banner-detalhes-produtos-mobile.jpg"
        }
      ]
    },
    {
      "type": "breadcrumbs",
      "enabled": true
    },
    {
      "type": "product-block",
      "enabled": true,
      "size_guide": {
        "image": "",
        "title": ""
      }
    },
    {
      "type": "buy-together",
      "enabled": true
    },
    {
      "type": "product-description",
      "title": "Quem comprou este produto, também comprou:",
      "enabled": true
    },
    {
      "type": "product-specifications",
      "enabled": true
    },
    {
      "type": "related-products",
      "title": "Produtos Relacionados"
    },
    {
      "type": "recommended-products",
      "title": "Quem comprou este produto, também comprou:",
      "show_loading": true
    }
  ]
}